id;sku;nome;modelo;cor;capacidade;preco;parcelas;valor_parcela;cores_disponiveis;outras_cores;cores_esgotadas;selo;url
14973637427560;08944;Mug Térmica Café To Go Twilight Stanley 1913;Mug Térmica Café To Go;Twilight;236ml;219.0;12x;18.25;7;Cream Gloss, Black 2.0, Toast, Peach Rose, Coffee, Blue Dream Stone;0;Novidade;https://www.stanley1913.com.br/products/mug-termica-cafe-to-go-twilight-236ml?variant=53974850503016
14973629694312;09097;Mug Térmica Café To Go Blue Dream Stone;Mug Térmica Café To Go;Blue Dream Stone;236ml;219.0;12x;18.25;7;Cream Gloss, Black 2.0, Toast, Peach Rose, Coffee, Twilight;0;Novidade;https://www.stanley1913.com.br/products/mug-termica-cafe-to-go-blue-dream-stone-236ml?variant=53974798205288
14973629661544;09236;Quencher Protour Blue Dream;Quencher Protour;Blue Dream;1.18L;359.0;12x;29.91;19;Agave, Ash Fade, Black Fade, Dried Pine, Frost Fade, Messi Black, Pink Messi, Prickly Pear, Rose Quartz Fade, Toast, Twilight, Wild Blooms, Costal Teal, Frost, Orange Sherbet, Dark Navy, Cream, Sorbet Wildflower;0;Novidade;https://www.stanley1913.com.br/products/quencher-protour-blue-dream-1-18l?variant=53974798172520
14973629530472;09235;Copo Quencher Blue Dream Wildflower;Copo Quencher;Blue Dream Wildflower;887ML;319.0;12x;26.58;31;Rose Quartz, Cream, Frost, Black 2.0, Antique Pink, Camel, Hydrangea, Cherry Blossom, Cream Moon, Dew Drop, Pistachio, Almond Rose, Bloom, Cornflower Cabana Gloss, Cornflower Gloss, Cream Royal, Fuchsia, Peach Whip Cabana Gloss, Peach Whip Gloss, Cool Serene, Citron, Ash, Black 2.0, Peach Rose, Purple Dust, Sahara Plume, Sea Glass Plume, Tropical Teal, Chili, Bright Lime;0;Novidade;https://www.stanley1913.com.br/products/copo-quencher-blue-dream-wildflower-887ml?variant=53974797582696
14973629497704;09234;Quencher Protour Sorbet Wildflower;Quencher Protour;Sorbet Wildflower;1.18L;359.0;12x;29.91;18;Agave, Ash Fade, Black Fade, Dried Pine, Frost Fade, Messi Black, Pink Messi, Prickly Pear, Rose Quartz Fade, Toast, Twilight, Wild Blooms, Costal Teal, Frost, Orange Sherbet, Dark Navy, Cream;0;Novidade;https://www.stanley1913.com.br/products/quencher-protour-sorbet-wildflower-1-18l?variant=53974797549928
14973626876264;09178;Garrafa Vitalize Tempo Blue Dream;Garrafa Vitalize Tempo;Blue Dream;710ml;349.0;12x;29.08;5;Black, Chalk, Purple Umbra, Rose Quartz;0;Novidade;https://www.stanley1913.com.br/products/garrafa-vitalize-tempo-blue-dream-710ml?variant=53974793814376
14973626745192;09231;Garrafa Térmica Flowstate™ Spring Blue Dream Stone Stanley 1913;Garrafa Térmica Flowstate™ Spring;Blue Dream Stone;591ml;329.0;12x;27.41;6;Rose Quartz, Cream, Black 2.0, Ash, Peach Rose;0;Novidade;https://www.stanley1913.com.br/products/garrafa-termica-spring-blue-dream-stone-591ml?variant=53974792536424
14973626712424;09075;Garrafa Térmica Flowstate™ Spring  Peach Rose Stanley 1913;Garrafa Térmica Flowstate™ Spring;Peach Rose;591ml;329.0;12x;27.41;6;Rose Quartz, Cream, Blue Dream Stone, Black 2.0, Ash;0;Novidade;https://www.stanley1913.com.br/products/garrafa-termica-spring-peach-rose-591ml?variant=53974792503656
14973626679656;09078;Garrafa Térmica Flowstate™ Spring Ash Stanley 1913;Garrafa Térmica Flowstate™ Spring;Ash;591ml;329.0;12x;27.41;6;Rose Quartz, Cream, Blue Dream Stone, Black 2.0, Peach Rose;0;Novidade;https://www.stanley1913.com.br/products/garrafa-termica-spring-ash-591ml?variant=53974792470888
14973626646888;09077;Garrafa Térmica Flowstate™ Spring Rose Quartz Stanley 1913;Garrafa Térmica Flowstate™ Spring;Rose Quartz;591ml;329.0;12x;27.41;6;Cream, Blue Dream Stone, Black 2.0, Ash, Peach Rose;0;Novidade;https://www.stanley1913.com.br/products/garrafa-termica-spring-rose-quartz-591ml?variant=53974792438120
14973626614120;09076;Garrafa Térmica Flowstate™ Spring Cream Stanley 1913;Garrafa Térmica Flowstate™ Spring;Cream;591ml;329.0;12x;27.41;6;Rose Quartz, Blue Dream Stone, Black 2.0, Ash, Peach Rose;0;Novidade;https://www.stanley1913.com.br/products/garrafa-termica-spring-cream-591ml?variant=53974792405352
14973626581352;09143;Garrafa Térmica Flowstate™ Spring Black 2.0 Stanley 1913;Garrafa Térmica Flowstate™ Spring;Black 2.0;591ml;329.0;12x;27.41;6;Rose Quartz, Cream, Blue Dream Stone, Ash, Peach Rose;0;Novidade;https://www.stanley1913.com.br/products/garrafa-termica-spring-black-2-0-591ml?variant=53974792372584
14973506650472;09135;Jug Térmica Fast flow Ash Stanley 1913;Jug Térmica Fast flow;Ash;1.9L;439.0;12x;36.58;2;Chalk;0;Novidade;https://www.stanley1913.com.br/products/garrafa-jug-fastflow-ash-1-9l?variant=53974499852648
14973507305832;09134;Jug Térmica Fast flow Chalk Stanley 1913;Jug Térmica Fast flow;Chalk;1.9L;439.0;12x;36.58;2;Ash;0;Novidade;https://www.stanley1913.com.br/products/garrafa-jug-fastflow-chalk-1-9l?variant=53974500540776
14973506617704;08940;Quencher Protour Cream Stanley 1913;Quencher Protour;Cream;1.18l;359.0;12x;29.91;17;Agave, Ash Fade, Black Fade, Dried Pine, Frost Fade, Messi Black, Pink Messi, Prickly Pear, Rose Quartz Fade, Toast, Twilight, Wild Blooms, Costal Teal, Frost, Orange Sherbet, Dark Navy;0;Novidade;https://www.stanley1913.com.br/products/copo-quencher-protour-cream-1-18l?variant=53974499885416
14973503045992;09049;Garrafa Térmica Aerolight Flip Straw Honeydew Hypergrip Stanley 1913;Garrafa Térmica Aerolight Flip Straw;Honeydew Hypergrip;710ml;335.0;12x;27.91;23;Pomelo, Lilac, Black, Ash, Rose Quartz, Hot Coral, Splash, Frost, Vivid Violet, Apple Shimmer, Clover Shimmer, Pink Messi, Striker Blue, Cornflower Gloss, Peach Whip Gloss, Cream Rose Gold, Terracota, Agave, Dark Blossom, Messi Black, Prickly Pear, Twilight;0;Novidade;https://www.stanley1913.com.br/products/garrafa-termica-aerolight-flip-straw-honeydew-hypergrip-710ml?variant=53974480159080
14973498687848;09129;Cooler  Térmico Sage Grey Stanley 1913;Cooler Térmico;Sage Grey;15L;1180.0;12x;98.33;2;Twilight;0;Novidade;https://www.stanley1913.com.br/products/cooler-termico-sage-grey-15l?variant=53974457155944
14973498655080;08898;Cooler Térmico Sage Grey Stanley 1913;Cooler Térmico;Sage Grey;23L;1480.0;12x;123.33;1;;0;Novidade;https://www.stanley1913.com.br/products/cooler-termico-sage-grey-23l?variant=53974457123176
14973498458472;08896;Garrafa Térmica Aerolight Transit Toast Stanley 1913;Garrafa Térmica Aerolight Transit;Toast;354ml;239.0;12x;19.91;2;Peach Rose;0;Novidade;https://www.stanley1913.com.br/products/garrafa-transit-2-0-toast-354ml?variant=53974456664424
14973496918376;09124;Mochila Térmica Madeleine Mini Ash Stanley 1913;Mochila Térmica Madeleine;Ash;13.2L;1499.0;12x;124.91;3;Black, Sea Glass Plume;0;Novidade;https://www.stanley1913.com.br/products/bolsa-madeleine-mini-ash-13-2l?variant=53974439068008
14973496394088;09256;Garrafa Vitalize Tempo Black Stanley 1913;Garrafa Vitalize Tempo;Black;710ml;349.0;12x;29.08;5;Chalk, Purple Umbra, Rose Quartz, Blue Dream;0;Novidade;https://www.stanley1913.com.br/products/garrafa-tempo-black-710ml?variant=53974433923432
14973496361320;09072;Garrafa Vitalize Tempo Rose Quartz Stanley 1913;Garrafa Vitalize Tempo;Rose Quartz;710ml;349.0;12x;29.08;5;Black, Chalk, Purple Umbra, Blue Dream;0;Novidade;https://www.stanley1913.com.br/products/garrafa-tempo-rose-qtz-710ml?variant=53974433890664
14973496328552;09071;Garrafa Vitalize Tempo Chalk Stanley 1913;Garrafa Vitalize Tempo;Chalk;710ml;349.0;12x;29.08;5;Black, Purple Umbra, Rose Quartz, Blue Dream;0;Novidade;https://www.stanley1913.com.br/products/garrafa-tempo-chalk-710ml?variant=53974433857896
14973496295784;09179;Garrafa Vitalize Tempo Purple Umbra Stanley 1913;Garrafa Vitalize Tempo;Purple Umbra;710ml;349.0;12x;29.08;5;Black, Chalk, Rose Quartz, Blue Dream;0;Novidade;https://www.stanley1913.com.br/products/garrafa-tempo-purple-umbra-710ml?variant=53974433825128
14973480796520;09089;Copo Prismático Alto Black Eclipse Stanley 1913;Copo Prismático Alto;Black Eclipse;381ml;215.0;12x;17.91;3;Bourbon, Foundry Black;0;Novidade;https://www.stanley1913.com.br/products/copo-highball-black-eclipse?variant=53974339027304
14973480730984;09090;Copo Prismático Baixo Black Eclipse Stanley 1913;Copo Prismático Baixo;Black Eclipse;201ml;185.0;12x;15.41;3;Foundry Black, Ash Bronze;0;Novidade;https://www.stanley1913.com.br/products/copo-rocks-glass-black-eclipse?variant=53974338961768
14973480665448;09044;Taça Térmica Cocktail Glass Black Eclipse Stanley 1913;Taça Térmica;Black Eclipse;414ml;379.0;12x;31.58;8;Cream Gloss, Black Gloss, Lift Stainless Steel, Lift Popsicle Pink Gloss, Lift Sour Grape Gloss, Pink Mesa, Prickly Pear;0;Novidade;https://www.stanley1913.com.br/products/taca-lifted-spirits-0-414l-black-eclipse?variant=53974338732392
14973480534376;09132;Copo Texturizado com Tampa Dark Navy Stanley 1913;Copo Texturizado;Dark Navy;473ml;209.0;12x;17.41;7;Ash, Black Gloss, Dried Pine, Frost, Prickly Pear Gradient Gloss, Stainless Steel;0;Novidade;https://www.stanley1913.com.br/products/the-everyday-tumbler-0-47l-dark-navy?variant=53974338601320
14973480501608;09095;Copo Térmico Dark Navy Stanley 1913;Copo Térmico;Dark Navy;473ml;169.0;12x;14.08;6;Ash, Black 2.0, Dried Pine, Frost, Rose Quartz;0;Novidade;https://www.stanley1913.com.br/products/the-stacking-pint-0-47l-dark-navy?variant=53974338568552
14973480468840;09087;Copo Térmico Dark Navy Stanley 1913;Copo Térmico;Dark Navy;354ml;135.0;11x;12.27;18;Ash, Black 2.0, Coastal Teal, Daffodil, Dried Pine, Frost, Purple Dust, Rose Quartz, Soft Orchid, Twilight, Popsicle Pink, Pomelo, Pistachio, Cranberry, Frost Gloss, Prickly Pear Gradient Gloss, Stainless Steel Shimmer;0;Novidade;https://www.stanley1913.com.br/products/the-stacking-pint-0-35l-dark-navy?variant=53974338535784
14973480403304;09187;Quencher Protour Dark Navy Stanley 1913;Quencher Protour;Dark Navy;1.18L;359.0;12x;29.91;17;Agave, Ash Fade, Black Fade, Dried Pine, Frost Fade, Messi Black, Pink Messi, Prickly Pear, Rose Quartz Fade, Toast, Twilight, Wild Blooms, Costal Teal, Frost, Orange Sherbet, Cream;0;Novidade;https://www.stanley1913.com.br/products/quencher-protour-1-18l-dark-navy?variant=53974338470248
14973480337768;09122;Vitalize Shaker Dark Navy Stanley 1913;Vitalize Shaker;Dark Navy;591ml;399.0;12x;33.25;7;Black, Twilight, Chalk, Cobalt Chartreuse, Dark Blossom, Rose Quartz;0;Novidade;https://www.stanley1913.com.br/products/vitalize-shaker-0-529l-dark-navy?variant=53974338404712
14973480305000;09086;Cooler Térmico Twilight Stanley 1913;Cooler Térmico;Twilight;15L;1180.0;12x;98.33;2;Sage Grey;0;Novidade;https://www.stanley1913.com.br/products/cooler-15-1l-twilight?variant=53974338371944
14973480173928;09039;Garrafa Térmica Mate Stainless Steel Ash Stanley 1913;Garrafa Térmica Mate;Stainless Steel;1.6L;449.0;12x;37.41;2;Hammertone Black;0;Novidade;https://www.stanley1913.com.br/products/ideal-mate-1-6l-stainless-steel-ash?variant=53974338077032
14973480141160;09040;Garrafa Térmica Mate Hammertone  Black Stanley 1913;Garrafa Térmica Mate;Hammertone Black;1.6L;449.0;12x;37.41;2;Stainless Steel;0;Novidade;https://www.stanley1913.com.br/products/ideal-mate-1-6l-hammertone-black?variant=53974338044264
14973480108392;09038;Garrafa Térmica Mate Dried Pine Stanley 1913;Garrafa Térmica Mate;Dried Pine;1.2L;419.0;12x;34.91;2;Hammertone Black;0;Novidade;https://www.stanley1913.com.br/products/ideal-mate-1-2l-dried-pine?variant=53974338011496
14973480042856;09036;Garrafa Térmica Mate Hammertone Black Stanley 1913;Garrafa Térmica Mate;Hammertone Black;1.2L;419.0;12x;34.91;2;Dried Pine;0;Novidade;https://www.stanley1913.com.br/products/ideal-mate-1-2l-hammertone-black?variant=53974337945960
14973480010088;09225;Garrafa Térmica Classic Hammertone Rose Quartz Stanley 1913;Garrafa Térmica Classic;Hammertone Rose Quartz;0.95L;349.0;12x;29.08;4;Hammertone Green, Black 2.0, Ash;0;Novidade;https://www.stanley1913.com.br/products/gt-classic-0-94l-hammertone-rose-quartz?variant=53974337913192
14973479977320;09115;Garrafa Térmica Classic Hammertone Ash Stanley 1913;Garrafa Térmica Classic;Ash;0.95L;349.0;12x;29.08;4;Hammertone Green, Black 2.0, Hammertone Rose Quartz;0;Novidade;https://www.stanley1913.com.br/products/gt-classic-0-94l-hammertone-ash?variant=53974337880424
14973479944552;09020;Garrafa Térmica Adventure 2.0 Ash Stanley 1913;Garrafa Térmica Adventure 2.0;Ash;1L;329.0;12x;27.41;4;Black 2.0, Polar, Toast;0;Novidade;https://www.stanley1913.com.br/products/adventure-2-0-1l-ash?variant=53974337847656
14973479911784;08891;Cuia Térmica Terere Slate Blue Stanley 1913;Cuia Térmica Terere;Slate Blue;200ml;175.0;12x;14.58;8;Azure, Black, Hammertone Green, Rose Quartz, Vivid Violet, Dried Pine, Stainless Steel;0;Novidade;https://www.stanley1913.com.br/products/cuia-terere-0-2l-slate-blue?variant=53974337814888
14973479879016;08941;Cuia Térmica Terere Stainless Steel Stanley 1913;Cuia Térmica Terere;Stainless Steel;200ml;175.0;12x;14.58;8;Azure, Black, Hammertone Green, Rose Quartz, Vivid Violet, Dried Pine, Slate Blue;0;Novidade;https://www.stanley1913.com.br/products/cuia-terere-0-2l-stainless-steel?variant=53974337782120
14973479846248;08683;Cuia Térmica Stainless Steel Stanley 1913;Cuia Térmica;Stainless Steel;236ml;175.0;12x;14.58;8;Messi Black, Dried Pine, Hammertone Black, Hammertone Green, Matte Red, Rose Quartz, Toast;0;Novidade;https://www.stanley1913.com.br/products/cuia-0-236l-stainless-steel?variant=53974337749352
14973479780712;09224;Camp Mug Rose Quartz Stanley 1913;Camp Mug;Rose Quartz;236ml;199.0;12x;16.58;8;Hammertone Black, Hammertone Green, Purple Smoke, Slate Blue, Ash, Coffee, Toast;0;Novidade;https://www.stanley1913.com.br/products/camp-mug-0-23l-rose-quartz?variant=53974337683816
14973479747944;08876;Camp Mug Ash Stanley 1913;Camp Mug;Ash;236ml;199.0;12x;16.58;8;Hammertone Black, Hammertone Green, Purple Smoke, Slate Blue, Coffee, Rose Quartz, Toast;0;Novidade;https://www.stanley1913.com.br/products/camp-mug-0-23l-ash?variant=53974337651048
14973479715176;09109;Camp Mug Coffee Stanley 1913;Camp Mug;Coffee;236ml;199.0;12x;16.58;8;Hammertone Black, Hammertone Green, Purple Smoke, Slate Blue, Ash, Rose Quartz, Toast;0;Novidade;https://www.stanley1913.com.br/products/camp-mug-0-23l-coffee?variant=53974337618280
14973479682408;09108;Camp Mug Toast Stanley 1913;Camp Mug;Toast;236ml;199.0;12x;16.58;8;Hammertone Black, Hammertone Green, Purple Smoke, Slate Blue, Ash, Coffee, Rose Quartz;0;Novidade;https://www.stanley1913.com.br/products/camp-mug-0-23l-toast?variant=53974337585512
14973479649640;09119;Pote Térmico com Garfolher Blue Sky Stanley 1913;Pote Térmico com Garfolher;Blue Sky;414ml;285.0;12x;23.75;4;Ash, Peach Rose, Cream;0;Novidade;https://www.stanley1913.com.br/products/pote-termico-0-4l-blue-sky?variant=53974337552744
14973479616872;09118;Pote Térmico com Garfolher Peach Rose Stanley 1913;Pote Térmico com Garfolher;Peach Rose;414ml;285.0;12x;23.75;4;Ash, Blue Sky, Cream;0;Novidade;https://www.stanley1913.com.br/products/pote-termico-0-4l-peach-rose?variant=53974337519976
14973479584104;09117;Pote Térmico com Garfolher Ash Stanley 1913;Pote Térmico com Garfolher;Ash;414ml;285.0;12x;23.75;4;Blue Sky, Peach Rose, Cream;0;Novidade;https://www.stanley1913.com.br/products/pote-termico-0-4l-ash?variant=53974337487208
14973479551336;09116;Pote Térmico com Garfolher Cream Stanley 1913;Pote Térmico com Garfolher;Cream;414ml;285.0;12x;23.75;4;Ash, Blue Sky, Peach Rose;0;Novidade;https://www.stanley1913.com.br/products/pote-termico-0-4l-cream?variant=53974337454440
14973473718632;09034;Garrafa Térmica Twist Flip Stanley 1913 Black 2.0.;Garrafa Térmica Twist Flip;Black 2.0;354ml;269.0;12x;22.41;6;Ash, Rose Quartz, Twilight, Cream Gloss, Dried Pine;0;Novidade;https://www.stanley1913.com.br/products/garrafa-twistflip-cafe-black-2-0-354ml?variant=53974312943976
14973472309608;09140;Copo Quencher Sea Glass Plume Stanley 1913;Copo Quencher;Sea Glass Plume;591ml;289.0;12x;24.08;10;Cornflower Chevron, Cream Chevron, Cream, Peach Rose, Plumeria Chevron, Purple Dust, Pomelo, Sea Foam, Rose Quartz;0;Novidade;https://www.stanley1913.com.br/products/quencher-0-59l-sea-glass-plume?variant=53974306161000
14973472276840;09139;Copo Quencher Sea Glass Plume Stanley 1913;Copo Quencher;Sea Glass Plume;887ml;319.0;12x;26.58;30;Rose Quartz, Cream, Frost, Black 2.0, Antique Pink, Camel, Hydrangea, Cherry Blossom, Cream Moon, Dew Drop, Pistachio, Almond Rose, Bloom, Cornflower Cabana Gloss, Cornflower Gloss, Cream Royal, Fuchsia, Peach Whip Cabana Gloss, Peach Whip Gloss, Cool Serene, Citron, Ash, Black 2.0, Peach Rose, Purple Dust, Sahara Plume, Tropical Teal, Chili, Bright Lime;0;Novidade;https://www.stanley1913.com.br/products/quencher-0-887l-sea-glass-plume?variant=53974306128232
14973472244072;09138;Copo Quencher Sahara Plume Stanley 1913;Copo Quencher;Sahara Plume;887ml;319.0;12x;26.58;30;Rose Quartz, Cream, Frost, Black 2.0, Antique Pink, Camel, Hydrangea, Cherry Blossom, Cream Moon, Dew Drop, Pistachio, Almond Rose, Bloom, Cornflower Cabana Gloss, Cornflower Gloss, Cream Royal, Fuchsia, Peach Whip Cabana Gloss, Peach Whip Gloss, Cool Serene, Citron, Ash, Black 2.0, Peach Rose, Purple Dust, Sea Glass Plume, Tropical Teal, Chili, Bright Lime;0;Novidade;https://www.stanley1913.com.br/products/quencher-0-887l-sahara-plume?variant=53974306095464
14973472211304;09068;Mochila Térmica Madeleine Sea Glass Plume Stanley 1913;Mochila Térmica Madeleine;Sea Glass Plume;13.2L;1499.0;12x;124.91;3;Black, Ash;0;Novidade;https://www.stanley1913.com.br/products/bolsa-madel-midi-14l-sea-glass-plume?variant=53974306029928
14973472178536;09065;Lancheira Térmica Julienne Sea Glass Plume Stanley 1913;Lancheira Térmica Julienne;Sea Glass Plume;7L;1099.0;12x;91.58;4;Fuchsia, Seafoam, Ash;0;Novidade;https://www.stanley1913.com.br/products/bolsa-julien-mini-6-8l-sea-glass-plume?variant=53974305997160
14973472145768;09123;Lancheira Térmica Julienne Ash Stanley 1913;Lancheira Térmica Julienne;Ash;7L;1099.0;12x;91.58;4;Fuchsia, Seafoam, Sea Glass Plume;0;Novidade;https://www.stanley1913.com.br/products/bolsa-julien-mini-6-8l-ash?variant=53974305964392
14973472113000;08987;Garrafa Térmica Aerolight Flip Straw Cobalt Chartreuse Stanley 1913;Garrafa Térmica Aerolight Flip Straw;Cobalt Chartreuse;473ml;289.0;12x;24.08;8;Ash, Black, Frost, Pomelo, Rose Quartz, Chartreuse, Dark Blossom;0;Novidade;https://www.stanley1913.com.br/products/aerolight-flipstraw-0-47l-cobalt-chartreuse?variant=53974305931624
14973472080232;08986;Garrafa Térmica Aerolight Flip Straw Chartreuse Stanley 1913;Garrafa Térmica Aerolight Flip Straw;Chartreuse;473ml;289.0;12x;24.08;8;Ash, Black, Frost, Pomelo, Rose Quartz, Cobalt Chartreuse, Dark Blossom;0;Novidade;https://www.stanley1913.com.br/products/aerolight-flipstraw-0-47l-chartreuse?variant=53974305898856
14973472047464;08985;Garrafa Térmica Aerolight Flip Straw Dark Blossom Stanley 1913;Garrafa Térmica Aerolight Flip Straw;Dark Blossom;473ml;289.0;12x;24.08;8;Ash, Black, Frost, Pomelo, Rose Quartz, Chartreuse, Cobalt Chartreuse;0;Novidade;https://www.stanley1913.com.br/products/aerolight-flipstraw-0-47l-dark-blossom?variant=53974305866088
14973472014696;08984;Garrafa Térmica Aerolight Flip Straw Dark Blossom Stanley 1913;Garrafa Térmica Aerolight Flip Straw;Dark Blossom;710ml;335.0;12x;27.91;23;Pomelo, Lilac, Black, Ash, Rose Quartz, Hot Coral, Splash, Frost, Vivid Violet, Apple Shimmer, Clover Shimmer, Pink Messi, Striker Blue, Cornflower Gloss, Peach Whip Gloss, Cream Rose Gold, Terracota, Agave, Messi Black, Prickly Pear, Twilight, Honeydew Hypergrip;0;Novidade;https://www.stanley1913.com.br/products/aerolight-flipstraw-0-71l-dark-blossom?variant=53974305833320
14973471981928;08946;Mochila Térmica Madeleine Black Stanley 1913;Mochila Térmica Madeleine;Black;13.2L;1499.0;12x;124.91;3;Sea Glass Plume, Ash;0;Novidade;https://www.stanley1913.com.br/products/bolsa-madel-midi-14l-black?variant=53974305800552
14973471949160;08942;Cuia Térmica Hammertone Black Stanley 1913;Cuia Térmica;Hammertone Black;236ml;175.0;12x;14.58;8;Messi Black, Dried Pine, Hammertone Green, Matte Red, Rose Quartz, Toast, Stainless Steel;0;Novidade;https://www.stanley1913.com.br/products/cuia-0-236l-hammertone-black?variant=53974305767784
14973471687016;08996;Quencher Protour Orange Sherbet Stanley 1913;Quencher Protour;Orange Sherbet;1.18L;359.0;12x;29.91;17;Agave, Ash Fade, Black Fade, Dried Pine, Frost Fade, Messi Black, Pink Messi, Prickly Pear, Rose Quartz Fade, Toast, Twilight, Wild Blooms, Costal Teal, Frost, Dark Navy, Cream;0;Novidade;https://www.stanley1913.com.br/products/quencher-protour-1-18l-orange-sherbet?variant=53974305472872
14973471588712;09012;Garrafa Térmica Aerolight Transit Ash Stanley 1913;Garrafa Térmica Aerolight Transit;Ash;591ml;279.0;12x;23.25;3;Blue Sky, Peach Rose;0;Novidade;https://www.stanley1913.com.br/products/aerolight-transit-0-59l-ash?variant=53974305374568
14973471555944;08879;Garrafa Térmica Aerolight Transit Blue Sky Stanley 1913;Garrafa Térmica Aerolight Transit;Blue Sky;591ml;279.0;12x;23.25;3;Peach Rose, Ash;0;Novidade;https://www.stanley1913.com.br/products/aerolight-transit-0-59l-blue-sky?variant=53974305341800
14973471490408;08878;Camp Mug Slate Blue Stanley 1913;Camp Mug;Slate Blue;236ml;199.0;12x;16.58;8;Hammertone Black, Hammertone Green, Purple Smoke, Ash, Coffee, Rose Quartz, Toast;0;Novidade;https://www.stanley1913.com.br/products/camp-mug-0-23l-slate-blue?variant=53974305276264
14973471457640;08877;Camp Mug Purple Smoke Stanley 1913;Camp Mug;Purple Smoke;236ml;199.0;12x;16.58;8;Hammertone Black, Hammertone Green, Slate Blue, Ash, Coffee, Rose Quartz, Toast;0;Novidade;https://www.stanley1913.com.br/products/camp-mug-0-23l-purple-smoke?variant=53974305243496
14973471424872;09079;Mug Térmica Café To Go Cream Gloss Stanley 1913;Mug Térmica Café To Go;Cream Gloss;354ml;239.0;12x;19.91;4;Black 2.0, Coffee, Toast;0;Novidade;https://www.stanley1913.com.br/products/cafe-go-travel-0-35l-cream-gloss?variant=53974305210728
14973471392104;09105;Mug Térmica Café To Go Black 2.0 Stanley 1913;Mug Térmica Café To Go;Black 2.0;354ml;239.0;12x;19.91;4;Coffee, Cream Gloss, Toast;0;Novidade;https://www.stanley1913.com.br/products/cafe-go-travel-0-35l-black-2-0?variant=53974305177960
14973471359336;09107;Mug Térmica Café To Go Toast Stanley 1913;Mug Térmica Café To Go;Toast;354ml;239.0;12x;19.91;4;Black 2.0, Coffee, Cream Gloss;0;Novidade;https://www.stanley1913.com.br/products/cafe-go-travel-0-35l-toast?variant=53974305145192
14973471293800;09106;Mug Térmica Café To Go Coffee Stanley 1913;Mug Térmica Café To Go;Coffee;354ml;239.0;12x;19.91;4;Black 2.0, Cream Gloss, Toast;0;Novidade;https://www.stanley1913.com.br/products/cafe-go-travel-0-35l-coffee?variant=53974305079656
14973471261032;09098;Mug Térmica Café To Go Coffee Stanley 1913;Mug Térmica Café To Go;Coffee;236ml;219.0;12x;18.25;7;Cream Gloss, Black 2.0, Toast, Peach Rose, Blue Dream Stone, Twilight;0;Novidade;https://www.stanley1913.com.br/products/cafe-go-travel-0-23l-coffee?variant=53974305046888
14973471195496;09096;Mug Térmica Café To Go Peach Rose Stanley 1913;Mug Térmica Café To Go;Peach Rose;236ml;219.0;12x;18.25;5;Cream Gloss, Black 2.0, Toast, Coffee;0;Novidade;https://www.stanley1913.com.br/products/cafe-go-travel-0-23l-peach-rose?variant=53974304981352
14973471162728;09084;Camp Mug Hammertone Green Stanley 1913;Camp Mug;Hammertone Green;236ml;199.0;12x;16.58;8;Hammertone Black, Purple Smoke, Slate Blue, Ash, Coffee, Rose Quartz, Toast;0;Novidade;https://www.stanley1913.com.br/products/camp-mug-0-23l-hammertone-green?variant=53974304915816
14973471097192;08875;Camp Mug Hammertone Black Stanley 1913;Camp Mug;Hammertone Black;236ml;199.0;12x;16.58;8;Hammertone Green, Purple Smoke, Slate Blue, Ash, Coffee, Rose Quartz, Toast;0;Novidade;https://www.stanley1913.com.br/products/camp-mug-0-23l-hammertone-black?variant=53974304850280
14973471064424;08890;Garrafa Térmica Aerolight Transit Peach Rose Stanley 1913;Garrafa Térmica Aerolight Transit;Peach Rose;591ml;279.0;12x;23.25;3;Blue Sky, Ash;0;Novidade;https://www.stanley1913.com.br/products/aerolight-transit-0-59l-peach-rose?variant=53974304817512
14973471031656;08897;Garrafa Térmica Aerolight Transit Peach Rose Stanley 1913;Garrafa Térmica Aerolight Transit;Peach Rose;354ml;239.0;12x;19.91;2;Toast;0;Novidade;https://www.stanley1913.com.br/products/aerolight-transit-0-35l-peach-rose?variant=53974304784744
14973470998888;09031;Garrafa Térmica Twist Flip Stanley 1913 Twilight;Garrafa Térmica Twist Flip;Twilight;354ml;269.0;12x;22.41;6;Ash, Rose Quartz, Black 2.0, Cream Gloss, Dried Pine;0;Novidade;https://www.stanley1913.com.br/products/transit-twistflip-0-35l-twilight?variant=53974304719208
14973470933352;09032;Garrafa Térmica Twist Flip Stanley 1913 Rose Quartz;Garrafa Térmica Twist Flip;Rose Quartz;354ml;269.0;12x;22.41;6;Ash, Black 2.0, Twilight, Cream Gloss, Dried Pine;0;Novidade;https://www.stanley1913.com.br/products/transit-twistflip-0-35l-rose-quartz?variant=53974304653672
14973470900584;09035;Garrafa Térmica Twist Flip Stanley 1913 Ash;Garrafa Térmica Twist Flip;Ash;354ml;269.0;12x;22.41;6;Rose Quartz, Black 2.0, Twilight, Cream Gloss, Dried Pine;0;Novidade;https://www.stanley1913.com.br/products/transit-twistflip-0-35l-ash?variant=53974304620904
14973470802280;09033;Garrafa Térmica Twist Flip Stanley 1913 Cream Gloss;Garrafa Térmica Twist Flip;Cream Gloss;354ml;269.0;12x;22.41;6;Ash, Rose Quartz, Black 2.0, Twilight, Dried Pine;0;Novidade;https://www.stanley1913.com.br/products/transit-twistflip-0-35l-cream-gloss?variant=53974304522600
14973470769512;09030;Garrafa Térmica Twist Flip Stanley 1913 Dried Pine;Garrafa Térmica Twist Flip;Dried Pine;354ml;269.0;12x;22.41;6;Ash, Rose Quartz, Black 2.0, Twilight, Cream Gloss;0;Novidade;https://www.stanley1913.com.br/products/transit-twistflip-0-35l-dried-pine?variant=53974304489832
14973467459944;09184;Garrafa Térmica Aerolight Transit Frost Heart Stanley 1913;Garrafa Térmica Aerolight Transit;Frost;473ML;259.0;12x;21.58;2;Cream Moon;0;Novidade;https://www.stanley1913.com.br/products/garrafa-transit-2-0-473ml-frost-heart-g?variant=53974299541864
14973467427176;08995;Quencher Protour Costal Teal Stanley 1913;Quencher Protour;Costal Teal;1.18L;359.0;12x;29.91;17;Agave, Ash Fade, Black Fade, Dried Pine, Frost Fade, Messi Black, Pink Messi, Prickly Pear, Rose Quartz Fade, Toast, Twilight, Wild Blooms, Frost, Orange Sherbet, Dark Navy, Cream;0;Novidade;https://www.stanley1913.com.br/products/copo-quencher-protour-1-18l-coastal-teal?variant=53974299509096
14973467394408;09183;Quencher Protour Frost Lovely Stanley 1913;Quencher Protour;Frost;1.18L;359.0;12x;29.91;17;Agave, Ash Fade, Black Fade, Dried Pine, Frost Fade, Messi Black, Pink Messi, Prickly Pear, Rose Quartz Fade, Toast, Twilight, Wild Blooms, Costal Teal, Orange Sherbet, Dark Navy, Cream;0;Novidade;https://www.stanley1913.com.br/products/copo-quencher-protour-1-18l-frost-lovely?variant=53974299476328
14973427745128;08550;Copo Quencher Cream Stanley 1913;Copo Quencher;Cream;591ml;289.0;12x;24.08;10;Cornflower Chevron, Cream Chevron, Peach Rose, Plumeria Chevron, Purple Dust, Pomelo, Sea Foam, Rose Quartz, Sea Glass Plume;0;Novidade;https://www.stanley1913.com.br/products/copo-quencher-com-alca-cream-591ml?variant=53974075146600
14973427712360;09004;Garrafa Térmica Slim Bottle Purple Dust Stanley 1913;Garrafa Térmica Slim Bottle;Ash Gloss;591ml;295.0;12x;24.58;8;Cherry Blossom, Cream Gloss, Dew Drop, Gilded Pomegranate, Hot Coral, Peach Rose, Pistachio;0;Novidade;https://www.stanley1913.com.br/products/garrafa-termica-slim-bottle-purple-dust-591ml?variant=53974075113832
14973427679592;09003;Garrafa Térmica Slim Bottle Peach Rose Stanley 1913;Garrafa Térmica Slim Bottle;Peach Rose;591ml;295.0;12x;24.58;8;Ash Gloss, Cherry Blossom, Cream Gloss, Dew Drop, Gilded Pomegranate, Hot Coral, Pistachio;0;Novidade;https://www.stanley1913.com.br/products/garrafa-termica-slim-bottle-peach-rose-591ml?variant=53974075081064
14973427614056;08895;Copo Quencher Purple Dust Stanley 1913;Copo Quencher;Purple Dust;591ml;289.0;12x;24.08;9;Cornflower Chevron, Cream Chevron, Cream, Peach Rose, Plumeria Chevron, Pomelo, Sea Foam, Rose Quartz;0;Novidade;https://www.stanley1913.com.br/products/copo-quencher-com-alca-purple-dust-591ml?variant=53974074917224
14973427581288;08992;Copo Quencher Purple Dust Stanley 1913;Copo Quencher;Purple Dust;887ml;319.0;12x;26.58;30;Rose Quartz, Cream, Frost, Black 2.0, Antique Pink, Camel, Hydrangea, Cherry Blossom, Cream Moon, Dew Drop, Pistachio, Almond Rose, Bloom, Cornflower Cabana Gloss, Cornflower Gloss, Cream Royal, Fuchsia, Peach Whip Cabana Gloss, Peach Whip Gloss, Cool Serene, Citron, Ash, Black 2.0, Peach Rose, Sahara Plume, Sea Glass Plume, Tropical Teal, Chili, Bright Lime;0;Novidade;https://www.stanley1913.com.br/products/copo-quencher-purple-dust-887ml?variant=53974074884456
14973427548520;08991;Copo Quencher Peach Rose Stanley 1913;Copo Quencher;Peach Rose;887ml;319.0;12x;26.58;30;Rose Quartz, Cream, Frost, Black 2.0, Antique Pink, Camel, Hydrangea, Cherry Blossom, Cream Moon, Dew Drop, Pistachio, Almond Rose, Bloom, Cornflower Cabana Gloss, Cornflower Gloss, Cream Royal, Fuchsia, Peach Whip Cabana Gloss, Peach Whip Gloss, Cool Serene, Citron, Ash, Black 2.0, Purple Dust, Sahara Plume, Sea Glass Plume, Tropical Teal, Chili, Bright Lime;0;Novidade;https://www.stanley1913.com.br/products/copo-quencher-peach-rose-887ml?variant=53974074818920
14973427515752;08994;Copo Quencher Purple Dust Stanley 1913;Copo Quencher;Purple Dust;1.18L;359.0;12x;29.91;23;Cream, Cream, Cream Speckle, Cream Moon, Black 2.0, Antique Pink, Ash, Camel, Coastal Teal Motion, Coastal Teal, Dew Drop, Golden Rod, Gunmetal, Hazy Horizon, Hydrangea, Pistachio, Sea Foam, Rose Quartz, Marina Shine, Resort Floral, Wisteria Shine, Peach Rose;0;Novidade;https://www.stanley1913.com.br/products/copo-quencher-purple-dust-1-18l?variant=53974074786152
14973427482984;08993;Copo Quencher Peach Rose Stanley 1913;Copo Quencher;Peach Rose;1.18L;359.0;12x;29.91;23;Cream, Cream, Cream Speckle, Cream Moon, Black 2.0, Antique Pink, Ash, Camel, Coastal Teal Motion, Coastal Teal, Dew Drop, Golden Rod, Gunmetal, Hazy Horizon, Hydrangea, Pistachio, Sea Foam, Rose Quartz, Marina Shine, Resort Floral, Wisteria Shine, Purple Dust;0;Novidade;https://www.stanley1913.com.br/products/copo-quencher-peach-rose-1-18l?variant=53974074720616
14973427450216;08989;Garrafa Térmica Aerolight Flip Straw Dark Blossom Stanley 1913;Garrafa Térmica Aerolight Flip Straw;Dark Blossom;1.1L;369.0;12x;30.75;7;Cobalt Chartreuse, Ash, Pomelo, Dew Drop, Black, Frost;0;Novidade;https://www.stanley1913.com.br/products/garrafa-termica-aerolight-flip-straw-dark-blossom-1-1l?variant=53974074687848
14973427417448;08988;Garrafa Térmica Aerolight Flip Straw Cobalt Chartreuse Stanley 1913;Garrafa Térmica Aerolight Flip Straw;Cobalt Chartreuse;1.1L;369.0;12x;30.75;7;Dark Blossom, Ash, Pomelo, Dew Drop, Black, Frost;0;Novidade;https://www.stanley1913.com.br/products/garrafa-termica-aerolight-flip-straw-cobalt-chartreuse-1-1l?variant=53974074655080
14973427351912;09142;Quencher Protour Dark Blossom Stanley 1913;Quencher Protour;Dark Blossom;591ml;289.0;12x;24.08;5;Rose Quartz Fade, Ash Fade, Azure Fade, Cobalt;0;Novidade;https://www.stanley1913.com.br/products/copo-quencher-com-alca-dark-blossom-591ml?variant=53974074491240
14973427319144;09141;Quencher Protour Cobalt Stanley 1913;Quencher Protour;Cobalt;591ml;289.0;12x;24.08;5;Rose Quartz Fade, Ash Fade, Azure Fade, Dark Blossom;0;Novidade;https://www.stanley1913.com.br/products/copo-quencher-com-alca-cobalt-591ml?variant=53974074458472
14973427057000;08864;Garrafa Térmica Aerolight Flip Straw Ash Stanley 1913;Garrafa Térmica Aerolight Flip Straw;Ash;1.46L;399.0;12x;33.25;2;Black 2.0;0;Novidade;https://www.stanley1913.com.br/products/garrafa-termica-aerolight-flip-straw-ash-1-46l?variant=53974072656232
14973427024232;08863;Garrafa Térmica Aerolight Flip Straw Black 2.0 Stanley 1913;Garrafa Térmica Aerolight Flip Straw;Black 2.0;1.46L;399.0;12x;33.25;2;Ash;0;Novidade;https://www.stanley1913.com.br/products/garrafa-termica-aerolight-flip-straw-black-2-0-1-46l?variant=53974072623464
14973426991464;08917;Garrafa Térmica Aerolight Flip Straw Twilight Stanley 1913;Garrafa Térmica Aerolight Flip Straw;Twilight;710ml;335.0;12x;27.91;23;Pomelo, Lilac, Black, Ash, Rose Quartz, Hot Coral, Splash, Frost, Vivid Violet, Apple Shimmer, Clover Shimmer, Pink Messi, Striker Blue, Cornflower Gloss, Peach Whip Gloss, Cream Rose Gold, Terracota, Agave, Dark Blossom, Messi Black, Prickly Pear, Honeydew Hypergrip;0;Novidade;https://www.stanley1913.com.br/products/garrafa-termica-aerolight-flip-straw-twilight-stanley-710ml?variant=53974072590696
14973420142952;08589;Copo Quencher Ash Stanley 1913;Copo Quencher;Ash;887ml;319.0;12x;26.58;30;Rose Quartz, Cream, Frost, Black 2.0, Antique Pink, Camel, Hydrangea, Cherry Blossom, Cream Moon, Dew Drop, Pistachio, Almond Rose, Bloom, Cornflower Cabana Gloss, Cornflower Gloss, Cream Royal, Fuchsia, Peach Whip Cabana Gloss, Peach Whip Gloss, Cool Serene, Citron, Black 2.0, Peach Rose, Purple Dust, Sahara Plume, Sea Glass Plume, Tropical Teal, Chili, Bright Lime;0;Novidade;https://www.stanley1913.com.br/products/copo-quencher-ash-stanley-887ml?variant=53974041330024
14973401629032;08870;Garrafa Térmica Twist Flip Stanley 1913 Sage Grey;Garrafa Térmica Twist Flip;Sage Grey;710ML;335.0;12x;27.91;7;Chalk, Black 2.0, Chartreuse, Cobalt Chartreuse, Dark Blossom, Rose Quartz;0;Novidade;https://www.stanley1913.com.br/products/garrafa-termica-twist-flip-stanley-sage-grey-710ml?variant=53974018556264
14973401596264;08871;Garrafa Térmica Twist Flip Stanley 1913 Chartreuse;Garrafa Térmica Twist Flip;Chartreuse;710ML;335.0;12x;27.91;7;Chalk, Black 2.0, Cobalt Chartreuse, Dark Blossom, Rose Quartz, Sage Grey;0;Novidade;https://www.stanley1913.com.br/products/garrafa-termica-twist-flip-stanley-chartreuse-710ml?variant=53974018523496
14973401563496;08872;Garrafa Térmica Twist Flip Stanley 1913 Dark Blossom;Garrafa Térmica Twist Flip;Dark Blossom;710ML;335.0;12x;27.91;7;Chalk, Black 2.0, Chartreuse, Cobalt Chartreuse, Rose Quartz, Sage Grey;0;Novidade;https://www.stanley1913.com.br/products/garrafa-termica-twist-flip-stanley-dark-blossom-710ml?variant=53974018490728
14973401530728;08874;Garrafa Térmica Twist Flip Stanley 1913 Cobalt Chartreuse;Garrafa Térmica Twist Flip;Cobalt Chartreuse;710ML;335.0;12x;27.91;7;Chalk, Black 2.0, Chartreuse, Dark Blossom, Rose Quartz, Sage Grey;0;Novidade;https://www.stanley1913.com.br/products/garrafa-termica-twist-flip-stanley-cobalt-chartreuse-710ml?variant=53974018457960
14973401465192;08868;Garrafa  Térmica Twist Flip Stanley 1913 Chalk;Garrafa Térmica Twist Flip;Chalk;710ML;335.0;12x;27.91;7;Black 2.0, Chartreuse, Cobalt Chartreuse, Dark Blossom, Rose Quartz, Sage Grey;0;Novidade;https://www.stanley1913.com.br/products/garrafa-termica-twist-flip-stanley-chalk-710ml?variant=53974018392424
14973401432424;08869;Garrafa Térmica Twist Flip Stanley 1913 Rose Quartz;Garrafa Térmica Twist Flip;Rose Quartz;710ML;335.0;12x;27.91;7;Chalk, Black 2.0, Chartreuse, Cobalt Chartreuse, Dark Blossom, Sage Grey;0;Novidade;https://www.stanley1913.com.br/products/garrafa-termica-twist-flip-stanley-rose-quartz-710ml?variant=53974018359656
14973401399656;08867;Garrafa Térmica Twist Flip Stanley 1913 Black 2.0;Garrafa Térmica Twist Flip;Black 2.0;710ML;335.0;12x;27.91;7;Chalk, Chartreuse, Cobalt Chartreuse, Dark Blossom, Rose Quartz, Sage Grey;0;Novidade;https://www.stanley1913.com.br/products/garrafa-termica-twist-flip-stanley-black-2-0-710ml?variant=53974018326888
14973401366888;08802;Tulipa Térmica Pink Mesa Sunset Gloss Stanley 1913;Tulipa Térmica;Pink Mesa Sunset Gloss;414ml;345.0;12x;28.75;2;Black Eclipse;0;Novidade;https://www.stanley1913.com.br/products/tulipa-termica-pink-mesa-sunset-gloss-414ml?variant=53974018294120
14973401334120;08815;Beer Tumbler Happy Hour Pink Mesa Sunset Gloss Stanley 1913;Beer Tumbler Happy Hour;Pink Mesa Sunset Gloss;354ml;189.0;12x;15.75;1;;0;Novidade;https://www.stanley1913.com.br/products/beer-tumbler-happy-hour-pink-mesa-sunset-gloss-354-ml?variant=53974018228584
